pmid,title,abstract,authors,first_author,journal,pub_year,doi,publication_types,mesh_terms,keywords,lymphoma_subtypes,drugs,study_type,sample_size,orr,cr_rate,pr_rate,pfs_median,os_median,hr_pfs,hr_pfs_ci_lower,hr_pfs_ci_upper,hr_os,hr_os_ci_lower,hr_os_ci_upper,adverse_events,is_rct,is_meta,has_randomization,has_blinding,has_control_group
41371238,"Epcoritamab, lenalidomide, and rituximab versus lenalidomide and rituximab for relapsed or refractory follicular lymphoma (EPCORE FL-1): a global, open-label, randomised, phase 3 trial.","BACKGROUND: An unmet need persists for chemotherapy-free regimens that induce durable responses for relapsed or refractory follicular lymphoma. Lenalidomide and rituximab (R2) is an accepted standard of care in this population. The EPCORE FL-1 trial aimed to evaluate the efficacy and safety of epcoritamab plus R2 versus R2 in participants with relapsed or refractory follicular lymphoma after at least one previous line of chemoimmunotherapy. METHODS: In this multicountry, open-label, phase 3 trial, participants were randomly allocated (1:1) to fixed-duration epcoritamab plus R2 or R2 for up to 12 cycles. Epcoritamab was administered weekly in cycles 1-3 and every 4 weeks in cycles 4-12, lenalidomide once daily during cycles 1-12 (days 1-21), and rituximab weekly during cycle 1 and monthly in cycles 2-5. The dual primary endpoints were overall response rate and progression-free survival by independent review committee. The data reported here are from a planned interim analysis carried out after 78% of progression-free survival events had occurred. This study is registered with ClinicalTrials.gov, NCT05409066, and EudraCT, 2021-000169-34, and is ongoing (closed to recruitment). FINDINGS: Out of 668 participants screened for eligibility across 189 academic and non-academic centres in 30 countries across Africa, Asia, Australia, Europe, North America, and South America, a total of 488 participants were randomly allocated, 243 to epcoritamab plus R2 and 245 to R2. The trial met its dual primary endpoints, showing superiority of epcoritamab plus R2 over R2 in overall response rate and progression-free survival. With a median follow-up of 14·8 months (IQR 11·4-19·0), overall response rate was 95% (95% CI 92-97) with epcoritamab plus R2 versus 79% (74-84; p<0·0001) with R2. Progression-free survival was longer with epcoritamab plus R2 versus R2 (hazard ratio 0·21 [95% CI 0·14-0·31], p<0·0001); estimated 16-month progression-free survival favoured epcoritamab plus R2 (85·5% vs 40·2%). Grade 3 or higher adverse events were more frequent with epcoritamab plus R2 (219 [90%] of 243 participants) versus R2 (161 [68%] of 238 participants). Cytokine release syndrome was low grade with epcoritamab plus R2 (grade 1 in 28 [21%] participants and grade 2 in seven [5%] participants) and manageable, and all events were resolved. INTERPRETATION: Epcoritamab plus R2 resulted in significantly higher response rate and longer progression-free survival versus R2 among participants with follicular lymphoma who had received at least one line of therapy. Epcoritamab plus R2 had more grade 3 or higher adverse events versus R2. Adverse events were manageable and consistent with the established safety profiles of the individual components, with no new safety findings identified. These findings position epcoritamab plus R2 as a new standard of care for second-line or subsequent treatment of follicular lymphoma. FUNDING: AbbVie and Genmab.",Falchi L; Nijland M; Huang H; Linton KM; Seymour JF; Tao R; Kwiatek M; Costa A; Vassilakopoulos TP; Greil R; Jiménez-Ubieto A; Gangatharan SA; Benjamini O; Thieblemont C; Tucci A; Elinder-Camburn A; Illes A; Novak J; Pavlovsky MA; McDonald A; Yoon DH; Maruyama D; Sunkersett G; Mei JP; Mukherjee N; Zhu F; Alshreef A; Favaro E; Morschhauser F,Falchi L,"Lancet (London, England)",2026,10.1016/S0140-6736(25)02360-8,"Journal Article; Clinical Trial, Phase III; Randomized Controlled Trial; Multicenter Study; Comparative Study; Research Support, Non-U.S. Gov't","Adult; Aged; Female; Humans; Male; Middle Aged; Antibodies, Bispecific; Antibodies, Monoclonal, Humanized; Antineoplastic Combined Chemotherapy Protocols; Lenalidomide; Lymphoma, Follicular; Neoplasm Recurrence, Local; Progression-Free Survival; Rituximab; Treatment Outcome; Antineoplastic Agents, Immunological",,FL,Rituximab; Lenalidomide,RCT; Phase III; Single-arm,488.0,0.95,,,,,,,,,,,CRS,True,False,True,False,True
41367262,Nivolumab plus brentuximab vedotin for relapsed/refractory diffuse large B-cell lymphoma.,"AIMS: Up to 40% of patients with diffuse large B-cell lymphoma (DLBCL) have relapsed or refractory (R/R) disease after first-line treatment with rituximab plus cyclophosphamide, doxorubicin, vincristine, and prednisone, and outcomes are poor after hematopoietic stem cell transplantation failure. CheckMate 436 (NCT02581631) was a phase 1/2 study to evaluate the efficacy and safety of nivolumab, a PD-1/PD-L1 inhibitor, plus brentuximab vedotin (BV) for the treatment of R/R non-Hodgkin lymphoma. MATERIALS AND METHODS: Adult patients received nivolumab plus BV in 3-week cycles. The primary endpoint was overall response rate (ORR). Here, we report the results from the R/R DLBCL cohort (n = 42). RESULTS: With a median follow-up of 7.7 months, the ORR was 28.6% (n = 12), and 7.1% (n = 3) of patients achieved a complete response. Median duration of response (95% CI) was 3.6 (1.2-36.5) months. All patients experienced an adverse event (AE), most commonly diarrhea (n = 20, 47.6%). Grade 3/4 and 5 AEs occurred in 24 (57.1%) and 4 (9.5%) patients, respectively. Any-grade treatment-related AEs occurred in 35 (83.3%) patients. No new safety signals were identified. CONCLUSIONS: Overall, the efficacy data from CheckMate 436 do not support the use of nivolumab plus BV for the treatment of R/R DLBCL.",Johnson NA; Zinzani PL; Domingo-Domenech E; Brody J; Kline J; Shah BD; Mehta AN; Ghesquieres H; Savage KJ; Barr PM; Santoro A; Ferrari S; Cunningham D; Collins GP; Fanale M; Krajewski J; Akyol A; Crowe R; Wen R; Kuruvilla J,Johnson NA,"Future oncology (London, England)",2026,10.1080/14796694.2025.2599082,"Journal Article; Clinical Trial, Phase II; Clinical Trial, Phase I; Multicenter Study","Humans; Lymphoma, Large B-Cell, Diffuse; Female; Middle Aged; Male; Brentuximab Vedotin; Nivolumab; Antineoplastic Combined Chemotherapy Protocols; Adult; Aged; Neoplasm Recurrence, Local; Drug Resistance, Neoplasm; Young Adult; Treatment Outcome",Diffuse large B-cell lymphoma; best overall response; brentuximab vedotin; immune checkpoint inhibitor; nivolumab; safety,DLBCL; HL; NHL,Rituximab; Brentuximab vedotin; Nivolumab,Phase I,20.0,0.28600000000000003,0.28600000000000003,,,,,,,,,,Diarrhea,False,False,False,False,False
41360064,"Tafasitamab, lenalidomide, and rituximab in relapsed or refractory follicular lymphoma (inMIND): a global, phase 3, randomised controlled trial.","BACKGROUND: Follicular lymphoma is characterised by episodes of remission and relapse, with patients requiring multiple lines of therapy. Lenalidomide plus rituximab is a commonly used immunotherapy combination in patients with relapsed or refractory follicular lymphoma. We aimed to assess the efficacy and safety of adding tafasitamab, a CD19-targeted Fc-enhanced monoclonal antibody, to lenalidomide and rituximab in this setting. METHODS: This phase 3, double-blind, randomised, placebo-controlled trial (inMIND) was done in 210 centres (including community-based haematology clinics, major hospitals, and academic institutions) in North America, Europe, and the Asia-Pacific region. Adults with relapsed or refractory follicular lymphoma, who had received at least one previous line of systemic therapy, were eligible for enrolment and randomly assigned (1:1) to receive treatment with up to 12 cycles (28-day cycle length) of tafasitamab (12 mg/kg by intravenous infusion on days 1, 8, 15, and 22 of cycles 1-3 and days 1 and 15 of cycles 4-12) or placebo, both with lenalidomide (20 mg/day orally on days 1-21 of cycles 1-12) and rituximab (375 mg/m2 by intravenous infusion on days 1, 8, 15, and 22 of cycle 1 and day 1 of cycles 2-5). Treatment assignment was achieved via an interactive voice or web response system; patients, investigators, and the funder were masked until the primary analysis. Study endpoints were investigator assessed unless otherwise specified. The primary endpoint was progression-free survival in the intention-to-treat population of all randomised patients; safety was assessed in all randomised patients who received at least one dose of study drug. The trial is registered with ClinicalTrials.gov (NCT04680052) and EUDRA-CT (2020-004407-13) and is active but no longer enrolling. FINDINGS: Between April 16, 2021, and Aug 10, 2023, a total of 817 patients were assessed for eligibility; 548 patients with relapsed or refractory follicular lymphoma were enrolled and randomly assigned to treatment with either tafasitamab (n=273) or placebo (n=275). 299 (55%) of all randomised patients were male and 249 (45%) were female. The addition of tafasitamab to lenalidomide and rituximab resulted in significantly lower risk of progression, relapse, or death versus placebo (median progression-free survival by investigator 22·4 months [95% CI 19·2 to not evaluable] in the tafasitamab group vs 13·9 months [11·5-16·4] in the placebo group; hazard ratio 0·43 [95% CI 0·32-0·58]; p<0·0001) in the planned primary analysis. Improvement in progression-free survival was confirmed by independent review committee. Adverse events were reported in 272 (99%) of 274 patients in the tafasitamab group and 270 (99%) of 272 patients in the placebo group. Most common adverse events occurring in either the tafasitamab group or placebo group were neutropenia (133 [49%] vs 123 [45%]) and diarrhoea (103 [38%] vs 77 [28%]). There were no deaths due to treatment-related adverse events in the tafasitamab group; two (1%) patients had fatal adverse events related to treatment in the placebo group. INTERPRETATION: The addition of tafasitamab to lenalidomide and rituximab resulted in a statistically significant and clinically meaningful improvement in progression-free survival, with an acceptable safety profile in patients with relapsed or refractory follicular lymphoma. This combination represents a potential new standard-of-care treatment. FUNDING: Incyte.",Sehn LH; Hübel K; Luminari S; Scholz CW; Salar A; Paneesha S; Wahlin BE; Panayiotidis P; Lee HP; Jiménez-Ubieto A; Sancho JM; Kim TM; Domingo Domenech E; Kumode T; Poh C; Thieblemont C; Deeren D; de Wit E; Arbushites M; Vassallo I; Trneny M,Sehn LH,"Lancet (London, England)",2026,10.1016/S0140-6736(25)01778-7,"Journal Article; Clinical Trial, Phase III; Randomized Controlled Trial; Multicenter Study; Research Support, Non-U.S. Gov't","Adult; Aged; Female; Humans; Male; Middle Aged; Antibodies, Monoclonal, Humanized; Antineoplastic Combined Chemotherapy Protocols; Double-Blind Method; Lenalidomide; Lymphoma, Follicular; Neoplasm Recurrence, Local; Progression-Free Survival; Rituximab",,FL,Rituximab; Lenalidomide,RCT; Phase III,548.0,,,,4.0,,,,,,,,Neutropenia; Diarrhea,True,False,True,True,True
41335368,Preliminary analysis of a multicenter study of Pola-R-CHP in untreated Japanese patients with DLBCL (POLASTAR).,"Polatuzumab vedotin plus rituximab, cyclophosphamide, doxorubicin, and prednisone (Pola-R-CHP) was approved in Japan for the treatment of previously untreated diffuse large B-cell lymphoma (DLBCL) in 2022, based on findings of the POLARIX study (NCT03274492). Reports on real-world usage of Pola-R-CHP are lacking. Here we report safety and response rates at end of treatment (EOT) for Pola-R-CHP in Japan from the real-world observational POLASTAR study (jRCT1071220082). Patients (≥ 18 years) with previously untreated DLBCL who were scheduled to receive Pola-R-CHP were enrolled. The primary endpoint was overall survival. As of December 20, 2023, the full analysis set (FAS) included 192 of the initial 199 patients enrolled. Median age was 71.0 years (range 30-91). In the FAS, 99 (51.6%) patients had Grade ≥ 3 adverse events (AEs), 29 (15.1%) had serious AEs, and 15 (7.8%) discontinued polatuzumab vedotin due to AEs. In the efficacy-evaluable population at EOT (n = 141), the overall response rate was 95.0% [95% confidence interval (CI), 90.1-97.6], and the complete response rate was 87.9% (95% CI, 81.5-92.3). These results are consistent with published data from POLARIX. The POLASTAR study is ongoing; the recruitment target of 500 patients has been reached.Clinical trial registration: Japan Registry of Clinical Trials (jRCT1071220082).",Satake A; Nagate Y; Miyawaki K; Fujiwara Y; Ota S; Muta T; Rai S; Tsurumi H; Suzuki R; Miyake T; Goto H; Fukuhara N; Sakata-Yanagimoto M; Izutsu K; Nishikori M; Shibayama H; Kumode T; Ennishi D; Shimose T; Inubashiri N; Matsumura I; Akashi K; Kato K,Satake A,International journal of hematology,2026,10.1007/s12185-025-04122-w,Journal Article; Multicenter Study; Observational Study,"Humans; Lymphoma, Large B-Cell, Diffuse; Aged; Middle Aged; Antineoplastic Combined Chemotherapy Protocols; Male; Rituximab; Aged, 80 and over; Female; Adult; Japan; Cyclophosphamide; Doxorubicin; Prednisone; Immunoconjugates; Treatment Outcome; East Asian People; Antibodies, Monoclonal",DLBCL; Elderly patients; Pola-R-CHP; Polatuzumab vedotin; Real-world data,DLBCL,Rituximab; Polatuzumab vedotin,Unknown,199.0,0.95,0.879,,,,,,,,,,Not reported,False,False,False,False,False
41195989,Efficacy and safety of radiotherapy as a bridging strategy to CD19-targeted CAR-T therapy: systematic review and meta-analysis.,"Radiotherapy (RT) is increasingly used as bridging therapy before CD19-targeted CAR-T infusion in large B-cell lymphoma, but its clinical role remains uncertain. We conducted a systematic review and meta-analysis of 16 studies involving 488 patients with large B-cell non-Hodgkin lymphoma who received bridging RT. Pooled estimates showed an overall response rate (ORR) of 74.6% and complete response (CR) rate of 55%. The 1-year progression-free survival (PFS) and overall survival (OS) rates were 57.7% and 72.1%, respectively. Cytokine release syndrome (CRS) and immune effector cell-associated neurotoxicity syndrome (ICANS) occurred in 76.8% and 36.9% of patients, with grade ≥3 events in 6.7% and 19.1%, respectively. Compared with systemic bridging, RT was associated with superior survival, while outcomes were comparable to non-bridging cohorts. These findings suggest that bridging RT is a feasible, well-tolerated, and potentially advantageous in selected patients undergoing CAR-T therapy.",Yu Y; Xiang Z; Hou X; Hu K; Zhang F,Yu Y,Leukemia & lymphoma,2026,10.1080/10428194.2025.2572420,Journal Article; Systematic Review; Meta-Analysis,"Humans; Antigens, CD19; Immunotherapy, Adoptive; Receptors, Chimeric Antigen; Lymphoma, Large B-Cell, Diffuse; Treatment Outcome; Cytokine Release Syndrome",CAR-T cell therapy; CRS; ICANS; bridging therapy; meta-analysis; radiotherapy,HL; NHL,CAR-T,Meta-Analysis,488.0,0.55,0.55,,,,,,,,,,CRS; Neurotoxicity,False,True,False,False,False
41143544,Prognostic relevance of the neutrophil/lymphocyte ratio in diffuse large B-cell lymphoma: a systematic review and meta-analysis and dose-response evidence.,"Diffuse large B-cell lymphoma exhibits substantial prognostic heterogeneity, and inflammatory biomarkers such as the neutrophil-to-lymphocyte ratio (NLR) may provide complementary risk information to established clinical scores. We conducted a systematic review and meta-analysis including 20 studies with 5,770 patients for overall survival (OS) and 3,612 for progression-free survival (PFS). Higher pretreatment NLR was associated with inferior OS (HR 1.47, 95% CI 1.20-1.80; I² = 84%) and inferior PFS (HR 1.51, 95% CI 1.01-2.27; I² = 0%). Regionally, the OS association was strongest in European cohorts (HR 2.01, 95% CI 1.5-2.5), followed by Latin-American studies (HR 1.63, 95% CI 1.2-2.1), and was not evident in Asian series (HR 1.13, 95% CI 0.8-1.5). Using a cutoff NLR ≥ 4 strengthened associations for both OS (HR 1.61, 95% CI 1.39-1.87; I² = 15%) and PFS (HR 1.81, 95% CI 1.33-2.46; I² = 51%), whereas lower cutoffs were not consistently prognostic. Sensitivity analyses modestly reduced heterogeneity without altering conclusions. Publication-bias tests (Egger's test; trim-and-fill) attenuated pooled effects (OS HR 1.06; PFS HR 1.14), supporting cautious interpretation. In individual-participant data from 1,137 patients treated mainly with R-CHOP (median follow-up 50 months), baseline NLR showed a nonlinear dose-response association with OS; risk increased 39% across NLR 2.0-5.9 (HR 1.39; c-index 0.589). Clinically, NLR is inexpensive, universally available, and may refine risk stratification alongside IPI/NCCN-IPI particularly in resource-limited settings. Prospective, region-specific validation and standardization of an operational threshold (e.g. NLR ≥ 4) should be prioritized to enable clinical adoption.",Pichardo-Rodriguez R; Vela-Ruiz JM; Villela L; Torres Viera MA; Beltran-Garate B; Ruiz-Franco O; Munayco-Guillén F; Malpica L; Castillo JJ,Pichardo-Rodriguez R,Leukemia & lymphoma,2025,10.1080/10428194.2025.2566980,Journal Article; Systematic Review; Meta-Analysis,"Humans; Lymphoma, Large B-Cell, Diffuse; Neutrophils; Prognosis; Lymphocytes; Antineoplastic Combined Chemotherapy Protocols; Lymphocyte Count; Leukocyte Count",Lymphoma; biomarkers; non-Hodgkin; prognosis; survival,DLBCL,R-CHOP; CHOP,Meta-Analysis; Prospective,137.0,,,,,50.0,,,,,,,Not reported,False,True,False,False,False
41136989,"Zanubrutinib, lenalidomide and rituximab plus cyclophosphamide, doxorubicin, vincristine, and prednisone as initial treatment in non-germinal center B-cell diffuse large B-cell lymphoma: a multi-center phase 2 study by Jiangsu Cooperative Lymphoma Group (JCLG).","BACKGROUND: Patients with non-germinal center B-cell-like (non-GCB) diffuse large B-cell lymphoma (DLBCL) often exhibit suboptimal responses to standard rituximab, cyclophosphamide, doxorubicin, vincristine, and prednisone (R-CHOP) therapy. METHODS: This multicenter, phase II study evaluated the safety and efficacy of zanubrutinib, lenalidomide, and R-CHOP (ZR2-CHOP) in newly diagnosed non-GCB DLBCL. Patients received oral zanubrutinib (160 mg twice daily), lenalidomide (25 mg once daily on Days 1-7), and standard R-CHOP every 21 days for up to six cycles. RESULTS: A total of 34 patients were enrolled. The median age was 55 years, with 29.4% over 60 years. Double-expressor lymphoma (DEL) was present in 64.7%, and 39.3% were classified as the MCD genetic subtype. The best overall response rate was 100%. Complete response (CR) was achieved in 70.6% of patients at mid-treatment and 94.1% at end-of-treatment. With a median follow-up of 28 months, the 2-year progression-free survival (PFS) rate was 84.8%, and the 2-year overall survival (OS) rate was 96.8%. In this small cohort, PFS benefit appeared consistent across high-risk subgroups, including those with DEL and MCD subtypes. Plasma ctDNA negativity was achieved in 84% (21/25) of evaluable patients during treatment. Grade 3-4 adverse events occurred in 67.6% of patients, primarily hematologic toxicities. CONCLUSIONS: ZR2-CHOP demonstrated promising efficacy and manageable toxicity in newly diagnosed non-GCB DLBCL. TRIAL REGISTRATION: ClinicalTrials.gov Identifier: NCT05200312 (registered January 20, 2022).",Xia Y; Miao Y; Qian S; Zhang R; Qin S; Xie X; Li B; Sha Y; Tang H; Jin H; Cao L; Xu W; Fan L; Li J; Shi W; Zhu H,Xia Y,BMC medicine,2025,10.1186/s12916-025-04418-y,"Journal Article; Clinical Trial, Phase II; Multicenter Study","Humans; Middle Aged; Male; Female; Cyclophosphamide; Antineoplastic Combined Chemotherapy Protocols; Lymphoma, Large B-Cell, Diffuse; Vincristine; Doxorubicin; Prednisone; Rituximab; Aged; Adult; Lenalidomide; Pyrimidines; Pyrazoles; Piperidines; Treatment Outcome; Aged, 80 and over",CtDNA; DLBCL; Lenalidomide; Non-GCB; Zanubrutinib,DLBCL,Rituximab; R-CHOP; CHOP; Lenalidomide; Zanubrutinib,Phase II,34.0,1.0,1.0,,28.0,,,,,,,,Not reported,False,False,False,False,False
41115257,Efficacy and Safety of Glofitamab Plus Polatuzumab Vedotin in Relapsed/Refractory Large B-Cell Lymphoma Including High-Grade B-Cell Lymphoma: Results From a Phase Ib/II Trial.,"PURPOSE: An unmet need remains for more effective therapies for relapsed/refractory (R/R) large B-cell lymphoma (LBCL), especially high-grade B-cell lymphoma (HGBCL). We present the primary analysis of a phase Ib/II study (ClinicalTrials.gov identifier: NCT03533283) investigating efficacy and safety of glofitamab plus polatuzumab vedotin (Glofit-Pola) in patients with R/R LBCL, including HGBCL and those who received previous chimeric antigen receptor (CAR) T-cell therapy. METHODS: Patients received 1,000 mg obinutuzumab on Cycle (C)1 Day (D)1 (once daily). Polatuzumab vedotin (1.8 mg/kg) was given on C1D2 and D1 of C2-6 (21-day cycles; once daily). Glofitamab was given as step-up doses in C1 (D8, 2.5 mg; D15, 10 mg) followed by 30 mg on D1 of C2-12 (21-day cycles; once daily). Polatuzumab vedotin was given for six fixed-duration cycles, and glofitamab for 12. RESULTS: As of September 2, 2024, 129 patients with LBCL (HGBCL; n = 44, 34.1%), received ≥1 dose of study treatment. The median age was 67 years (range, 23-84), and 63.6% were male. Patients had received a median of 2 (range, 1-7) previous lines of treatment (previous CAR T-cell therapy, n = 28, 21.7%). The independent review committee-assessed overall response rate was 78.3% (complete response rate, 59.7%). The median progression-free survival and overall survival (OS) were 12.3 and 33.8 months, respectively (median OS follow-up time, 32.7 months). The most common adverse event (AE) was cytokine release syndrome (43.4%; grade 1-2: 41.9%; one grade 5 event). Grade 3-4 AEs occurred in 58.9% of patients; 9.3% had grade 5 AEs, and 14.7% discontinued treatment because of AEs. CONCLUSION: Glofit-Pola demonstrated high efficacy and durable responses, with manageable safety, in heavily pretreated patients with R/R LBCL, including patients with HGBCL and previous CAR T-cell therapy failure.",Hutchings M; Sureda A; Bosch F; Larsen TS; Corradini P; Avigdor A; Terol MJ; Dominguez AR; Pinto A; Skarbnik A; Cordoba R; Jørgensen JM; Zinzani PL; Leung W; Bottos A; Li D; Relf J; Tandon M; Sellam G; Gritti G,Hutchings M,Journal of clinical oncology : official journal of the American Society of Clinical Oncology,2025,10.1200/JCO-25-00992,"Journal Article; Clinical Trial, Phase II; Clinical Trial, Phase I; Multicenter Study; Research Support, Non-U.S. Gov't","Humans; Male; Female; Middle Aged; Aged; Antineoplastic Combined Chemotherapy Protocols; Lymphoma, Large B-Cell, Diffuse; Adult; Lymphoma, B-Cell; Aged, 80 and over; Immunoconjugates; Antibodies, Monoclonal, Humanized; Antibodies, Bispecific; Neoplasm Recurrence, Local; Neoplasm Grading; Antibodies, Monoclonal",,Unspecified,CAR-T; Polatuzumab vedotin; Obinutuzumab,Unknown,44.0,0.7829999999999999,0.7829999999999999,,,32.7,,,,,,,CRS,False,False,False,False,False
41089680,CAR T-cells vs. bispecific antibodies as third- or later-line treatment for relapsed/refractory follicular lymphoma: a literature review and meta-analysis.,"BACKGROUND: Relapsed/refractory follicular lymphoma (R/R FL) remains a significant challenge in oncology, particularly for patients who have exhausted standard treatment options. Both chimeric antigen receptor (CAR) T-cell therapy and bispecific antibodies(BsAb) have emerged as promising therapeutic modalities in this setting, offering novel mechanisms of action and the potential for improved outcomes. However, comparative data on the efficacy and safety of these treatments remain limited. This study aims to evaluate the clinical outcomes and safety profiles of CAR T-cell therapy versus BsAb as third- or later-line treatments for R/R FL. METHODS: A systematic review and meta-analysis were conducted to compare the efficacy and safety of CAR T-cell therapy and BsAb in patients with R/R FL. Studies were selected based on predefined inclusion criteria, and relevant data were extracted to assess overall response rates (ORR), complete remission (CR) rates, progression-free survival (PFS), and the incidence of adverse events, including cytokine release syndrome (CRS) and neurotoxicity. Statistical analyses were performed using random-effects models to account for variability across studies. RESULTS: The analysis included 12 studies, with a total of 1,200 patients. CAR T-cell therapy demonstrated superior efficacy compared to BsAb, with a higher ORR (92% vs. 77%)[95% confidence interval (CI) 0.77-0.90] (p= 0.01)and CR rate (82% vs. 65%) [95% CI 0.65-0.80] (p< 0.001). The median PFS was significantly longer for CAR T-cell therapy (15 months) compared to BsAb (9 months). Adverse events were more common in the CAR T-cell group, particularly neurotoxicity (7%[95% CI 0.02-0.13]). However, the overall safety profile was manageable, with most adverse events being grade 1-2 in severity. BsAb were associated with a lower incidence of severe adverse events but showed less favorable efficacy outcomes. CONCLUSIONS: Our meta-analysis suggests that CAR T-cell therapy demonstrates a trend toward improved efficacy outcomes compared to bispecific antibodies (BsAb) in R/R FL, with higher response rates and longer PFS. However, this observed advantage must be interpreted cautiously due to potential confounders, including imbalances in baseline tumor burden, prior treatment lines, refractoriness to prior therapy, and variations in bridging therapy protocols across studies. Notably, CAR T-cell therapy was associated with a higher incidence of severe adverse events, particularly neurotoxicity. These findings indicate that while CAR T-cell therapy represents a promising therapeutic strategy, its comparative benefits require validation in studies with matched risk populations and standardized protocols. Future research should prioritize risk-adapted treatment selection and toxicity mitigation strategies for high-risk cohorts. SYSTEMATIC REVIEW REGISTRATION: https://www.crd.york.ac.uk/PROSPERO/view/CRD420251107275, Identifier CRD420251107275.",He Y; Qiu L; Chen D; Ren SH; Xiong YX; Li MJ; Dou BT; Li YL; Cen YL; Li YM; Yao H; Fan FY,He Y,Frontiers in immunology,2025,10.3389/fimmu.2025.1611984,Journal Article; Meta-Analysis; Systematic Review; Comparative Study,"Humans; Antibodies, Bispecific; Lymphoma, Follicular; Immunotherapy, Adoptive; Receptors, Chimeric Antigen; Treatment Outcome; Neoplasm Recurrence, Local; T-Lymphocytes",BsAb; CAR T-cell therapy; cytokine release syndrome; efficacy; neurotoxicity; relapsed/refractory follicular lymphoma; safety,FL,CAR-T,Meta-Analysis,,0.92,,,15.0,,,,,,,,CRS; Neurotoxicity,False,True,False,False,False
41078580,Two B or not two B; the question of bendamustine dosing in low grade lymphoma.,"BACKGROUND: Follicular lymphoma (FL) is an indolent yet incurable B-cell lymphoma subtype commonly treated with a combination of bendamustine and anti-CD20 antibodies such as rituximab. While the standard administration involves a 2-day dosing schedule, the COVID-19 pandemic prompted the exploration of a 1-day regimen to reduce hospital visits for immunocompromised patients. This study aimed to compare the efficacy and safety of 1-day versus 2-day bendamustine regimens. METHODS: We conducted a retrospective analysis of 144 patients with FL, marginal zone lymphoma, mantle cell lymphoma, or Waldenström macroglobulinemia treated at the Department of Internal Medicine and Hematology, Semmelweis University between 2015 and 2023. All patients received bendamustine combined with either rituximab or obinutuzumab. The primary endpoint was progression-free survival (PFS); secondary endpoints included overall survival (OS) and toxicity. Kaplan-Meier survival analysis and appropriate statistical tests were applied. RESULTS: The median PFS for the cohort was 69.47 months; OS was not reached. Despite receiving a significantly lower cumulative dose, and being significantly older, patients on the 1-day regimen had similar PFS (not reached vs. 69.47 months; p = 0.885) and no significant difference in OS (p = 0.147) compared to the 2-day group. Adverse events were more frequent in the 2-day regimen group, including severe side effects, such as neutropenia (p = 0.044). CONCLUSION: A 1-day bendamustine regimen may offer comparable efficacy to the standard 2-day schedule, with a potentially more favorable toxicity profile and better convenience, especially in older or more vulnerable patient populations. These findings warrant further investigation in prospective randomized trials to establish optimal dosing strategies.",Földi E; Wiedemann Á; Svorenj S; Szita VR; Tóth AD; Tárkányi I; Fehér Á; Kárpáti Á; Horváth L; Szombath G; Nagy Z; Bodó I; Farkas P; Masszi T; Varga G,Földi E,Pathology oncology research : POR,2025,10.3389/pore.2025.1612195,Journal Article,"Humans; Bendamustine Hydrochloride; Female; Male; Retrospective Studies; Aged; Middle Aged; Antineoplastic Combined Chemotherapy Protocols; Aged, 80 and over; Rituximab; Adult; Lymphoma, Follicular; Survival Rate; Antibodies, Monoclonal, Humanized; Antineoplastic Agents, Alkylating",bendamustine; follicular lymphoma; low grade lymphoma; rituximab; schedule,FL; MCL; MZL; WM,Rituximab; Obinutuzumab,RCT; Retrospective; Prospective,144.0,,,,69.47,69.47,,,,,,,Neutropenia,True,False,True,False,False
41076560,Five-Year Follow-Up of Patients With Relapsed and Refractory Classic Hodgkin Lymphoma Treated With Low-Dose Nivolumab (40 mg): A Matched Cohort Study With Standard-Dose Therapy.,"The use of low-dose PD-1 inhibitors may offer a promising treatment strategy for patients with refractory Hodgkin lymphoma. This approach has the potential to mitigate the financial toxicity commonly associated with immune checkpoint inhibitors while also reducing the likelihood of severe adverse events. The aim of this study was to further investigate the efficacy and safety of nivolumab (nivo) at a 40 mg dose (LD group) within NCT03343665 clinical trial framework and to compare these results to the standard-dose therapy (SD group) using a propensity score matching approach. This study included 62 patients in each group. Median follow up was 63 (11-87) and 73 months (20-107) in the LD and SD group, respectively. The overall response rate and complete response was 68% and 39% versus. 70% and 39%, respectively. Five-year PFS was 26.8% (95% CI 17.8-40.7) and 22.1% (95% CI 12-40.6), p = 0.77, and 5-year OS 95.7% (95% CI: 90-100) and 93.3% (95% CI: 87-99), p = 0.33. The PFS was not statistically different regarding the prior treatment and key clinical factors. In the LD group the median dose of nivo was 0.58 mg/kg (0.35-0.91). There was no statistically significant difference based on dose per body weight in terms of survival. No differences were observed in the incidence of any AEs (69% vs. 77%) and 3-4 AEs (6% vs. 13%). Nivolumab therapy at a dose of 40 mg demonstrates comparable efficacy and safety to the standard dose of 3 mg/kg in patients with r/r cHL.",Fedorova L; Lepik K; Kotselyabina P; Balaeva A; Chekalov A; Kondakova E; Moiseev I; Mikhailova N; Kulagin A,Fedorova L,Hematological oncology,2025,10.1002/hon.70146,"Clinical Trial, Phase I; Clinical Trial, Phase II; Journal Article","Adolescent; Adult; Aged; Female; Humans; Male; Middle Aged; Young Adult; Antineoplastic Agents, Immunological; Follow-Up Studies; Hodgkin Disease; Immune Checkpoint Inhibitors; Nivolumab; Survival Rate",PD‐1 inhibitors; checkpoint inhibitors; hodgkin lymphoma; low‐dose; nivolumab; nivolumab 40 mg; relapsed and refractory disease,HL,Nivolumab,Unknown,62.0,0.68,0.68,,,,,,,,,,Not reported,False,False,False,False,False
41052510,"Ibrutinib and rituximab versus immunochemotherapy in patients with previously untreated mantle cell lymphoma (ENRICH): a randomised, open-label, phase 2/3 superiority trial.","BACKGROUND: Ibrutinib, a Bruton tyrosine kinase inhibitor, prolongs progression-free survival when added to immunochemotherapy as first line treatment. The ENRICH trial compared the chemotherapy-free combination of ibrutinib and the anti-CD20 antibody rituximab (ibrutinib-rituximab) with standard immunochemotherapy (R-CHOP [rituximab-cyclophosphamide, doxorubicin, vincristine, and prednisolone] or bendamustine-rituximab) in patients 60 years and older with untreated mantle-cell lymphoma. METHODS: This randomised, open-label, phase 2/3 superiority trial was performed at 66 sites in the UK, Sweden, Norway, Finland, and Denmark. Patients 60 years and older with untreated mantle-cell lymphoma (Ann-Arbor stage II-IV disease, an Eastern Cooperative Oncology Group performance-status score of 0-2) were randomly assigned to receive either rituximab plus immunochemotherapy or ibrutinib-rituximab in a 1:1 ratio, stratified by investigator choice of immunochemotherapy. Patients randomly allocated to the ibrutinib-rituximab (intervention) group received 560 mg oral ibrutinib daily in combination with six to eight cycles of 375 mg/m2 intravenous rituximab on day 1 of each cycle in the matched schedule of the pre-randomisation choice of immunochemotherapy (every 21 days for R-CHOP or every 28 days for rituximab-bendamustine). R-CHOP comprised 750 mg/m2 of cyclophosphamide, 50 mg/m2 of doxorubicin, and 1·4 mg/m2 vincristine on day 1 of each 21-day cycle, with 100 mg prednisolone on days 1-5 of each cycle. Rituximab-bendamustine comprised 90 mg/m2 of bendamustine on days 1 and 2 of each cycle, in combination with 375 mg/m2 rituximab on day 1 of each cycle. All responding patients in both groups at the end of induction received maintenance rituximab administered every 8 weeks for 2 years, and patients allocated to the intervention group continued ibrutinib until disease progression or unacceptable toxicity. The primary outcome was investigator-assessed progression-free survival, stratified by immunochemotherapy choice and analysed in the intention-to-treat population. The trial was registered with EudraCT (2015-000832-13) and is closed for recruitment. FINDINGS: Between Feb 15, 2016, and June 30, 2021, 397 patients were randomly allocated to immunochemotherapy (control) or ibrutinib-rituximab (intervention). Of the 397, 107 (27%) were pre-allocated to the immunochemotherapy choice of R-CHOP and 290 (73%) were pre-allocated to rituximab-bendamustine. In total, 198 were allocated to the control group (53 to R-CHOP and 145 to bendamustine-rituximab) and 199 were allocated to intervention. The median age was 74 years (IQR 70-77) for the intervention group and 74 years (70-78) in the control group. 296 patients (75%) were male and 101 patients (25%) were female; ethnicity data were not collected. At a median follow-up of 47·9 months, the median progression-free survival of ibrutinib-rituximab was superior to immunochemotherapy, with an adjusted hazard ratio (HR) of 0·69 (95% CI 0·52-0·90); p=0·0034. For those with pre-randomisation choice R-CHOP, the HR was 0·37 (0·22-0·62), and with bendamustine-rituximab, the HR was 0·91 (0·66-1·25). Across induction and maintenance, 67% of patients assigned to ibrutinib-rituximab and 70% of patients receiving immunotherapy reported grade 3 or above adverse events. INTERPRETATION: To our knowledge, this is the first randomised trial in untreated mantle-cell lymphoma to demonstrate significant improvement in progression-free survival for ibrutinib-rituximab compared to immunochemotherapy. This study suggests that ibrutinib-rituximab should be considered a new standard of care option for first-line treatment of older patients with mantle-cell lymphoma. FUNDING: Cancer Research UK (C7627/A17938) and Johnson and Johnson Pharmaceuticals.",Lewis DJ; Jerkeman M; Sorrell L; Wright D; Glimelius I; Poulsen CB; Pasanen A; Rawstron A; Wader KF; Morley N; Burton C; Davies AJ; Lagerlöf I; Dalal S; De Tute R; McNamara C; Crosbie N; Toldbod HE; Sanders J; Allgar V; Aroori S; Warner M; Scully C; Wainman B; Christensen JH; Riise J; Sonnevi K; Bishton MJ; Eyre TA; Rule S,Lewis DJ,"Lancet (London, England)",2025,10.1016/S0140-6736(25)01432-1,"Journal Article; Clinical Trial, Phase II; Randomized Controlled Trial; Clinical Trial, Phase III; Multicenter Study; Comparative Study; Equivalence Trial; Research Support, Non-U.S. Gov't","Humans; Rituximab; Lymphoma, Mantle-Cell; Adenine; Piperidines; Antineoplastic Combined Chemotherapy Protocols; Male; Female; Aged; Vincristine; Middle Aged; Cyclophosphamide; Doxorubicin; Bendamustine Hydrochloride; Prednisone; Pyrazoles; Progression-Free Survival; Pyrimidines; Aged, 80 and over",,MCL,Rituximab; R-CHOP; CHOP; Ibrutinib,RCT; Phase II; Single-arm,397.0,,,,9.0,,,,,,,,Not reported,True,False,True,False,True
41037766,Mosunetuzumab Plus Polatuzumab Vedotin in Transplant-Ineligible Refractory/Relapsed Large B-Cell Lymphoma: Primary Results of the Phase III SUNMO Trial.,"PURPOSE: Prognosis for patients with refractory/relapsed large B-cell lymphoma (LBCL) considered ineligible for curative-intent therapy is poor. The combination of mosunetuzumab, a T-cell-engaging bispecific antibody, and polatuzumab vedotin, an antibody-drug conjugate (Mosun-Pola), represents a novel fixed-duration outpatient therapy. METHODS: In the phase III SUNMO trial, patients with refractory/relapsed LBCL who were ineligible for autologous stem-cell transplant were randomly assigned (2:1) to receive Mosun-Pola or rituximab, gemcitabine, and oxaliplatin (R-GemOx). Dual primary end points were centrally assessed overall response rate (ORR) and progression-free survival (PFS). Overall survival was a key secondary end point. RESULTS: A total of 208 patients were randomly assigned to receive Mosun-Pola (n = 138) or R-GemOx (n = 70). At a median follow-up of 23.2 months, the primary analysis of SUNMO demonstrated that the median PFS was significantly longer with Mosun-Pola than with R-GemOx (11.5 months [95% CI, 5.6 to 18] v 3.8 months [95% CI, 2.9 to 4.1]; hazard ratio for progression or death, 0.41 [95% CI, 0.3 to 0.6]; P < .0001). ORR was significantly greater with Mosun-Pola versus R-GemOx (70% v 40%; P < .0001), with complete response rates of 51% and 24%, respectively. In the Mosun-Pola group, the rate of grade ≥2 cytokine release syndrome (CRS) and usage of tocilizumab occurred in <5% of patients and patient-reported outcomes were improved compared with R-GemOx. CONCLUSION: Mosun-Pola demonstrated superior efficacy versus R-GemOx, with significant improvements in both ORR and PFS, and infrequent CRS events with a manageable safety profile.",Budde LE; Zhang H; Kim WS; Maruyama D; Rego EM; Norasetthada L; Hong H; Ozcan M; Jeon YW; Leão Cordeiro de Farias D; Fogliatto LM; Pavlovsky A; Goto H; Olszewski AJ; Shah N; Hu B; Yin S; Wu H; To I; Ead WS; Ashby J; Janousek M; Pham S; Wang J; Kwan A; Batlevi CL; Wei MC; Westin J,Budde LE,Journal of clinical oncology : official journal of the American Society of Clinical Oncology,2025,10.1200/JCO-25-01957,"Journal Article; Clinical Trial, Phase III; Randomized Controlled Trial; Multicenter Study; Research Support, Non-U.S. Gov't","Humans; Female; Male; Antineoplastic Combined Chemotherapy Protocols; Middle Aged; Aged; Lymphoma, Large B-Cell, Diffuse; Immunoconjugates; Adult; Antibodies, Bispecific; Deoxycytidine; Gemcitabine; Progression-Free Survival; Aged, 80 and over; Rituximab; Antibodies, Monoclonal, Humanized; Antibodies, Monoclonal",,Unspecified,Rituximab; Polatuzumab vedotin,RCT; Phase III,208.0,,,,11.5,,,,,,,,CRS,True,False,True,False,False
41025752,Brentuximab vedotin and radiotherapy for CD30-positive cutaneous T-cell lymphoma - a retrospective multicenter analysis.,"BACKGROUND AND OBJECTIVES: While brentuximab vedotin (BV) and radiotherapy (RTx) are established treatment options for CD30-positive cutaneous T-cell lymphoma (CTCL), data on their simultaneous or sequential use regarding efficacy and tolerability remain scarce. In this retrospective analysis, we evaluated the combination of BV and RTx in patients with CD30-positive CTCL. PATIENTS AND METHODS: We included 14 CD30-positive CTCL patients from six German cancer centers receiving BV; RTx was initiated within a timeframe of 3 months prior/after BV treatment. RTx was mainly applied as a low-dose scheme. RESULTS: Adverse events of any grade occurred in 71% of patients, most commonly peripheral neuropathy, neutropenia, and radiodermatitis. Thirteen patients achieved a complete or partial remission as best overall response, however, 50% of all patients showed disease progression. At a median follow-up of 14.4 months, median progression-free survival was 12.0 months, with a 1-year rate of 34.0%. CONCLUSIONS: The simultaneous or sequential use of RTx during BV treatment was feasible and well tolerated. Future randomized investigations are needed to identify the benefits of this combination treatment regimen as well as adequate dosing of BV and RTx in a prospective manner.",Schummer P; Glatzel C; Schrüfer P; Lawrenz I; Dobos G; Wehkamp U; Hüning S; Stranzenbach R; Nicolay JP; Goebeler M; Wobser M,Schummer P,Journal der Deutschen Dermatologischen Gesellschaft = Journal of the German Society of Dermatology : JDDG,2026,10.1111/ddg.15897,Journal Article; Multicenter Study,"Humans; Brentuximab Vedotin; Retrospective Studies; Female; Male; Middle Aged; Aged; Lymphoma, T-Cell, Cutaneous; Skin Neoplasms; Adult; Aged, 80 and over; Ki-1 Antigen; Antineoplastic Agents, Immunological; Chemoradiotherapy; Treatment Outcome; Combined Modality Therapy; Progression-Free Survival; Germany",Brentuximab vedotin; cutaneous T‐cell lymphoma; radiotherapy,CTCL,Rituximab; Brentuximab vedotin,RCT; Retrospective; Prospective,,,,,12.0,,,,,,,,Neutropenia,True,False,True,False,False
40991874,Five-Year Outcomes of the POLARIX Study Comparing Pola-R-CHP and R-CHOP in Patients With Diffuse Large B-Cell Lymphoma.,"In the POLARIX study (ClinicalTrials.gov identifier: NCT03274492), polatuzumab vedotin plus rituximab, cyclophosphamide, doxorubicin, and prednisone (Pola-R-CHP) showed a significant progression-free survival (PFS) benefit versus rituximab, cyclophosphamide, doxorubicin, vincristine, and prednisone (R-CHOP) in patients with previously untreated intermediate- or high-risk diffuse large B-cell lymphoma (DLBCL; median follow-up: 28 months). In this 5-year update, sustained PFS benefits favoring Pola-R-CHP were observed. In the global intention-to-treat population (N = 879; median follow-up: 64.1 months), Pola-R-CHP demonstrated a significant PFS benefit over R-CHOP (hazard ratio [HR], 0.77 [95% CI, 0.62 to 0.97]), with 5-year PFS rates of 64.9% (95% CI, 59.8 to 70.0) and 59.1% (95% CI, 53.9 to 64.3), respectively. Although not statistically significant, overall survival analysis showed a HR of 0.85 (95% CI, 0.63 to 1.15) at the 5-year data cut compared with 0.94 (95% CI, 0.67 to 1.33) at the 2-year data cut. In the expanded population, 46 and 62 patients had lymphoma-related deaths in the Pola-R-CHP and R-CHOP arms, respectively. Exploratory analyses showed favorable 5-year survival rates with Pola-R-CHP in high-risk subgroups, including activated B-cell DLBCL and International Prognostic Index score 3-5. Long-term tolerability was similar between treatment arms. Findings confirm Pola-R-CHP represents a standard of care for frontline treatment of DLBCL.",Morschhauser F; Salles G; Sehn LH; Herrera AF; Friedberg JW; Trněný M; Lenz G; Sharman JP; Herbaux C; Burke JM; Matasar M; Collins GP; Mehta-Shah N; Oberic L; Chauchet A; Jurczak W; Song Y; Pinto A; Rai S; Izutsu K; Greil R; Mykhalska L; Bergua-Burgués JM; Cheung MC; Shin HJ; Hapgood G; Munhoz E; Abrisqueta P; Gau JP; Jiang Y; McCall B; Chohan S; Sugidono M; Yan M; Batlevi CL; Tilly H; Flowers CR,Morschhauser F,Journal of clinical oncology : official journal of the American Society of Clinical Oncology,2025,10.1200/JCO-25-00925,"Journal Article; Multicenter Study; Comparative Study; Randomized Controlled Trial; Clinical Trial, Phase III; Research Support, Non-U.S. Gov't; Research Support, N.I.H., Extramural","Humans; Lymphoma, Large B-Cell, Diffuse; Antineoplastic Combined Chemotherapy Protocols; Cyclophosphamide; Doxorubicin; Vincristine; Prednisone; Rituximab; Middle Aged; Male; Female; Aged; Adult; Progression-Free Survival; Antibodies, Monoclonal, Humanized; Aged, 80 and over; Young Adult; Antibodies, Monoclonal; Immunoconjugates",,DLBCL,Rituximab; R-CHOP; CHOP; Polatuzumab vedotin,Unknown,879.0,,,,28.0,,,,,,,,Not reported,False,False,False,False,True
40975105,"Rituximab, bendamustine, and cytarabine followed by venetoclax in older patients with high-risk mantle cell lymphoma (FIL_V-RBAC): a multicentre, single-arm, phase 2 study.","BACKGROUND: Bendamustine and rituximab combined with intermediate-dose cytarabine (RBAC) is one of the standard initial treatments for older, fit patients with mantle cell lymphoma. We aimed to investigate whether the addition of venetoclax to RBAC would improve progression-free survival in patients with high-risk mantle cell lymphoma. METHODS: FIL_V-RBAC was a multicentre, single-arm, phase 2 study done in 35 institutions of the Fondazione Italiana Linfomi in Italy. Treatment-naive patients with a histological diagnosis of mantle cell lymphoma, aged 65 years or older and fit according to the Fondazione Italiana Linfomi modified comprehensive geriatric assessment (or younger than 65 years and ineligible for high-dose chemotherapy with Eastern Cooperative Oncology Group performance status of 2 or less), were classified after enrolment as having low-risk or high-risk disease, based on the presence of blastoid morphology, Ki67 30% or higher, TP53, or 17p deletion. Patients with a low-risk profile received RBAC intravenously (rituximab 375 mg/m2 and day 1; bendamustine 70 mg/m2 on days 1 and 2; and cytarabine 500 mg/m2 on days 1, 2, and 3) every 4 weeks for 6 cycles. Patients with a high-risk profile received four cycles of RBAC followed by fixed-duration oral venetoclax consolidation (4 months, 800 mg/day) and maintenance (20 months, 400 mg/day). The primary endpoint was 2-year progression-free survival for patients with a high-risk profile who received at least one dose of RBAC. This trial was registered with ClinicalTrials.gov, NCT03567876, and this is the final report. FINDINGS: Between Sept 10, 2018, and July 26, 2021, 155 patients were screened for inclusion, 140 of whom were enrolled and analysed for study endpoints. Median age was 72 (IQR 69-76), 107 (76%) patients were male, 33 (24%) were female, and all were White. 54 (39%) patients had a high-risk profile (28 [20%] with TP53 mutations, 19 [14%] with 17p deletions, 34 [24%] with Ki67 ≥30%, and 13 [9%] with a blastoid morphology) and 86 (61%) had a low-risk profile. After a median follow-up of 45 months (IQR 40-55), the 2-year progression-free survival in the high-risk group was 60% (95% CI 48-74) and the median progression-free survival was 37 months (95% CI 19-not reached). The most frequent grade 3 or worse adverse events during venetoclax consolidation were neutropenia (12 [28%] of 43 patients), followed by thrombocytopenia (three [7%]) and skin reactions (three [7%]). During venetoclax maintenance, the most frequent grade 3 or worse adverse events were neutropenia (seven [19%] of 37 patients), followed by thrombocytopenia (two [5%]) and anaemia (two [5%]). One (1%) of 140 patients had a treatment-related death (tumour lysis syndrome during first induction with RBAC in a patient with a high-risk profile). INTERPRETATION: To our knowledge, this is the first prospective study to stratify patients with mantle cell lymphoma to different treatments according to their risk profile. Our results suggest that the addition of fixed-duration venetoclax improves the performance of RBAC in patients with a high-risk disease profile. Our findings point to the importance of identifying patients with high-risk disease at initial diagnosis. FUNDING: Fondazione Italiana Linfomi-Ente del Terzo Settore, Leukemia and Lymphoma Society, and Ministry of Health, Italy, and AbbVie. TRANSLATION: For the Italian translation of the abstract see Supplementary Materials section.",Visco C; Tabanelli V; Sacchi MV; Evangelista A; Quaglia FM; Fiori S; Bomben R; Tisi MC; Riva M; Merli A; Rotondo F; Fraenza C; Carazzolo ME; Corradini P; Farina L; Castellino C; Castellino A; Zilioli VR; Muzi C; Piazza F; Re A; Hohaus S; Rossi FG; Musuraca G; Di Rocco A; Puccini B; Sciarra R; Ballerini F; Cavallo F; Bruna R; Moia R; Moioli A; Bernardelli A; Drandi D; Arcari A; Merli F; Gini G; Freilone R; Tani M; Pavone V; Ladetto M; Pileri SA; Balzarotti M,Visco C,The Lancet. Haematology,2025,10.1016/S2352-3026(25)00252-2,"Journal Article; Clinical Trial, Phase II; Multicenter Study","Aged; Aged, 80 and over; Female; Humans; Male; Antineoplastic Combined Chemotherapy Protocols; Bendamustine Hydrochloride; Bridged Bicyclo Compounds, Heterocyclic; Cytarabine; Lymphoma, Mantle-Cell; Progression-Free Survival; Rituximab; Sulfonamides",,MCL,Rituximab; Venetoclax,Phase II; Prospective; Single-arm,155.0,,,,37.0,,,,,,,,Neutropenia; Anemia; Thrombocytopenia,False,False,False,False,False
40940567,Impact of best response to ibrutinib plus Bendamustine and rituximab on PFS in MCL: a secondary analysis of SHINE.,"Ibrutinib is a first-in-class oral inhibitor of Bruton's tyrosine kinase, which was investigated for the first-line treatment of mantle cell lymphoma (MCL) in the randomized, double-blind, phase 3 SHINE study. In SHINE, ibrutinib plus bendamustine and rituximab (BR) demonstrated superior progression-free survival (PFS) versus placebo plus BR in patients aged ≥ 65 years with previously untreated stage II-IV MCL. In this secondary efficacy analysis of SHINE, we assessed the correlation between best response and PFS (n = 523; 70% male; median age 71.0 years). After a median follow-up of 94.5 months, patients achieving complete response (CR) had longer median PFS in the ibrutinib (97.8 months) and placebo (87.9 months) arms than those with partial response (PR; 27.6 and 16.7 months, respectively) or progressive/stable disease (2.9 and 3.4 months, respectively). In the multivariate logistic regression analysis, patients receiving ibrutinib plus BR were more likely to achieve CR than those receiving placebo plus BR (odds ratio 1.48; 95% confidence interval 1.00-2.22). In conclusion, prolonged long-term PFS was more likely in patients with MCL who achieved CR following treatment with either ibrutinib plus BR or placebo plus BR, while CR was more likely in patients who had received ibrutinib plus BR. TRIAL REGISTRATION: EU Clinical Trials Register (EudraCT) identifier 2012-004056-11 (registered 15 January 2013) WHO Universal Trial Number U1111-1137-0389.",Mishima Y; Hashimoto D; Ichii M; Fukuhara N; Uchida T; Kato K; Omi A; Koroki Y; Shiga K; Maruyama D,Mishima Y,Annals of hematology,2025,10.1007/s00277-025-06569-7,"Journal Article; Randomized Controlled Trial; Clinical Trial, Phase III; Multicenter Study","Humans; Adenine; Bendamustine Hydrochloride; Piperidines; Male; Rituximab; Aged; Lymphoma, Mantle-Cell; Female; Antineoplastic Combined Chemotherapy Protocols; Double-Blind Method; Aged, 80 and over; Pyrimidines; Pyrazoles; Progression-Free Survival; Follow-Up Studies; Treatment Outcome",Bendamustine; Ibrutinib; Mantle cell lymphoma; Progression-free survival; Rituximab,MCL,Rituximab; Ibrutinib,RCT; Phase III,523.0,,,,97.8,,,,,,,,Not reported,True,False,True,True,True
40930226,Validation of Cure Assumptions when Analyzing ZUMA-7 Follow-up Data of Axicabtagene Ciloleucel and Standard of Care Therapy in Second-Line Relapsed/Refractory Large B-cell Lymphoma.,"BACKGROUND: ZUMA-7 is the largest randomized controlled trial (RCT) for chimeric antigen receptor (CAR) T-cell therapy, which compared axicabtagene ciloleucel (axi-cel) to historical standard of care (HSoC) for the treatment of relapsed or refractory diffuse large B-cell lymphoma (R/R DLBCL). Both arms of ZUMA-7 contained potentially curative treatments; however, differences in the treatment completion rate and timing to receive definitive treatment led to differences in the extent and timing of cure. Mixture cure modeling (MCM) has been suggested as a superior method in designing and powering clinical studies of curative therapies but also for extrapolation of long-term outcomes in simulation studies. The aim of this study was to evaluate the appropriateness of MCM in second line (2L) therapy for DLBCL by analyzing extrapolations from other cost-effectiveness analyses; to use data cuts of ZUMA-7 trial to validate MCMs and describe differences that may have arisen due to treatment specific timing and extent of cure. METHODS: A targeted literature review (TLR) was conducted to identify cost-effectiveness modeling studies that have used ZUMA-7 clinical trial data to extrapolate survival of axi-cel over the long-term. Overall survival (OS) individual patient-level data from the ZUMA-7 trial for axi-cel and historical HSoC from both primary event-free survival (EFS; median follow-up: 24.9 months) and primary OS cutoff (median follow-up: 47.2 months) were used in this analysis. Three intermediate datasets were simulated to compare differences in cure fractions and accuracy of extrapolation predictions among data cutoffs. Differences between trial arms were evaluated. RESULTS: The TLR demonstrated the extrapolation using ZUMA-7 OS data cutoff provided lower difference margins with respect to long-term observed data, than external extrapolations. Within the models tested, MCM provided the best fit based on the percentage inaccuracy of extrapolations which ranged 2%-27% in the axi-cel group. Based on observed primary EFS cutoff, cure fractions ranged in both treatment arms (axi-cel: 24%-54% and HSoC: 35%-49%). The range of cure fractions narrowed following extrapolations performed on the more mature observed OS cutoff (axi-cel: 50%-54% and HSoC: 41%-50%). CONCLUSION: Replicating prior findings, MCM methods provide the more accurate estimate of long-term OS compared with standard parametric modeling for patients with R/R DLBCL treated with CAR T-cell therapy. However, these findings also highlight the importance of obtaining appropriate clinical benchmarking to ensure clinical plausibility and face validity of long-term extrapolations intended to informed cost-effectiveness analysis and inform decision making.",Perales MA; Oluwole OO; Patel AR; Ray MD; Rodriguez-Guadarrama YA; Smith NJ; Blissett R; Yang Y; Locke FL,Perales MA,Transplantation and cellular therapy,2025,10.1016/j.jtct.2025.09.015,Journal Article,"Humans; Lymphoma, Large B-Cell, Diffuse; Standard of Care; Follow-Up Studies; Immunotherapy, Adoptive; Biological Products; Antigens, CD19",Chimeric antigen receptor T-cell; Large B-cell lymphoma; Mixture-cure model; Survival extrapolation,DLBCL,CAR-T; Axicabtagene ciloleucel,RCT,,,,,,24.9,,,,,,,Not reported,True,False,True,False,True
40897939,Long-term outcomes of venetoclax and ibrutinib in Japanese patients with relapsed/refractory mantle cell lymphoma.,"BACKGROUND: Patients with relapsed/refractory (R/R) mantle cell lymphoma (MCL) face a poor prognosis in the absence of effective treatment options. Ibrutinib plus venetoclax demonstrated high response rates and a tolerable safety profile in the primary analysis of the Phase 2, M20-075 study (NCT04477486) in Japanese patients with R/R MCL. We report updated efficacy and safety from this study with longer follow-up. METHODS: Patients received 560 mg ibrutinib and 400 mg venetoclax (5-week ramp-up to 400 mg) once daily for up to 104 weeks followed by ibrutinib monotherapy. Primary endpoint was Independent Review Committee-assessed complete response (CR) rate. Secondary endpoints included overall response rate (ORR), duration of response (DOR), undetectable minimal residual disease (uMRD) in patients achieving CR, progression-free survival (PFS), overall survival (OS), and safety. RESULTS: After a median follow-up of 37.2 months, 13 patients had received ibrutinib plus venetoclax, 8 (62%) remained on ibrutinib monotherapy, and 9 (69%) completed 24 months of venetoclax. ORR was 83% (10/12 [per-protocol population]; all CR); median DOR was not reached. All 6 patients positive for MRD at baseline who achieved CR had uMRD. Median PFS and OS were not reached. Most frequent Grade ≥ 3 treatment-emergent adverse events (TEAEs) were neutropenia (46%) and leukopenia (23%); one TEAE leading to treatment discontinuation was squamous cell carcinoma unrelated to treatment. There were no cases of tumor lysis syndrome or TEAEs leading to death. CONCLUSION: Long-term follow-up of ibrutinib plus venetoclax showed prolonged efficacy and a well-tolerated safety profile in Japanese patients with R/R MCL.",Goto H; Ito S; Kizaki M; Yamaguchi M; Fukuhara N; Kato K; Saito T; Terui Y; Soshin T; Satomi-Tsushita N; Honda H; Qian C; Izutsu K,Goto H,International journal of clinical oncology,2025,10.1007/s10147-025-02865-4,"Journal Article; Clinical Trial, Phase II; Multicenter Study","Humans; Lymphoma, Mantle-Cell; Adenine; Female; Sulfonamides; Male; Aged; Piperidines; Bridged Bicyclo Compounds, Heterocyclic; Middle Aged; Antineoplastic Combined Chemotherapy Protocols; Aged, 80 and over; Neoplasm Recurrence, Local; Japan; Treatment Outcome; Progression-Free Survival; Adult; East Asian People",Ibrutinib; Mantle cell lymphoma; Relapsed/refractory; Venetoclax,MCL,Ibrutinib; Venetoclax,Phase II,,0.83,0.83,,,,,,,,,,Neutropenia,False,False,False,False,False
40845254,"Pirtobrutinib, a highly selective, noncovalent (reversible) BTKi in R/R follicular lymphoma: phase 1/2 BRUIN study.","Relapsed/refractory (R/R) follicular lymphoma (FL) is a chronic disease often requiring multiple lines of therapy. Covalent Bruton tyrosine kinase inhibitor (BTKi) monotherapy has resulted in variable response rates, yet patients invariably experience relapse. While newer therapies such as bispecific antibodies and chimeric antigen receptor T-cell (CAR T cell) therapy are available, patient access and eligibility remain challenging. Here, we report the safety and efficacy of pirtobrutinib, a noncovalent (reversible) BTKi monotherapy in a R/R FL cohort from the multicenter phase 1/2 BRUIN study. Key end points included investigator-assessed overall response rate (ORR) per Lugano 2014 criteria, duration of response (DoR), progression-free survival (PFS), overall survival (OS), and safety. Among 48 patients with FL, the median age was 64.5 years (range, 37.0-85.0). Patients had received a median of 3 (range, 1-12) prior lines of therapy. The ORR with pirtobrutinib was 52.1% (95% confidence interval [CI], 37.2-66.7), and median DoR was 10.2 months (95% CI, 3.7-25.7). Median PFS was 5.8 months (95% CI, 3.8-8.1), and median OS was not estimable, with a median follow-up of 35.2 months (interquartile range, 31.1-41.8). The estimated DoR, PFS, and OS rates at 24 months were 33.3% (95% CI, 15.9-51.9), 25.6% (95% CI, 13.9-39.1), and 75.1% (95% CI, 59.5-85.4), respectively. Pirtobrutinib was well tolerated, with 2 patients (4.2%) discontinuing treatment due to adverse events (AEs; 1 treatment-related) and 4 patients (8.3%) having dose reductions due to AEs (all treatment related). Pirtobrutinib showed promising efficacy and was well tolerated in this cohort of patients with heavily pretreated R/R FL, warranting further investigation. This trial was registered at www.clinicaltrials.gov as #NCT03740529.",Shah NN; Zinzani PL; Wang M; Nasta SD; Lech-Maranda E; Ogawa Y; Fakhri B; Kuss B; Miyashita K; Patel K; Coombs CC; Ma S; Patel MR; Barve MA; Tessoulin B; Stathis A; Ennishi D; Hashimoto D; Kojima K; Zelenetz AD; Cohen JB; Vose JM; Maddocks KJ; Munir T; Sun F; Bian Y; Balbas M; Tsai DE; Abada P; Cheah CY,Shah NN,Blood advances,2025,10.1182/bloodadvances.2024014975,"Journal Article; Clinical Trial, Phase II; Clinical Trial, Phase I; Multicenter Study","Humans; Middle Aged; Lymphoma, Follicular; Aged; Female; Male; Adult; Aged, 80 and over; Protein Kinase Inhibitors; Agammaglobulinaemia Tyrosine Kinase; Pyrimidines; Treatment Outcome; Antineoplastic Agents; Pyrazoles",,FL,CAR-T,Phase I,48.0,,,,5.8,35.2,,,,,,,Not reported,False,False,False,False,False
